[{"model": "admin.logentry", "pk": 1, "fields": {"action_time": "2023-07-12T12:03:14.081Z", "user": 1, "content_type": 6, "object_id": "3", "object_repr": "manager first", "action_flag": 2, "change_message": "[{\"changed\": {\"fields\": [\"Superuser status\"]}}]"}}, {"model": "admin.logentry", "pk": 2, "fields": {"action_time": "2023-07-12T12:03:18.192Z", "user": 1, "content_type": 6, "object_id": "4", "object_repr": "manager second", "action_flag": 2, "change_message": "[{\"changed\": {\"fields\": [\"Superuser status\"]}}]"}}, {"model": "admin.logentry", "pk": 3, "fields": {"action_time": "2023-07-12T12:03:21.012Z", "user": 1, "content_type": 6, "object_id": "5", "object_repr": "teacher first", "action_flag": 2, "change_message": "[{\"changed\": {\"fields\": [\"Superuser status\"]}}]"}}, {"model": "admin.logentry", "pk": 4, "fields": {"action_time": "2023-07-12T12:03:23.565Z", "user": 1, "content_type": 6, "object_id": "6", "object_repr": "teacher second", "action_flag": 2, "change_message": "[{\"changed\": {\"fields\": [\"Superuser status\"]}}]"}}, {"model": "admin.logentry", "pk": 5, "fields": {"action_time": "2023-07-12T12:03:26.717Z", "user": 1, "content_type": 6, "object_id": "7", "object_repr": "student second", "action_flag": 2, "change_message": "[{\"changed\": {\"fields\": [\"Superuser status\"]}}]"}}, {"model": "admin.logentry", "pk": 6, "fields": {"action_time": "2023-07-12T12:03:29.981Z", "user": 1, "content_type": 6, "object_id": "8", "object_repr": "student first", "action_flag": 2, "change_message": "[{\"changed\": {\"fields\": [\"Superuser status\"]}}]"}}, {"model": "admin.logentry", "pk": 7, "fields": {"action_time": "2023-07-12T12:03:32.796Z", "user": 1, "content_type": 6, "object_id": "9", "object_repr": "student third", "action_flag": 2, "change_message": "[{\"changed\": {\"fields\": [\"Superuser status\"]}}]"}}, {"model": "admin.logentry", "pk": 8, "fields": {"action_time": "2023-07-12T12:03:37.126Z", "user": 1, "content_type": 6, "object_id": "10", "object_repr": "student fourth", "action_flag": 2, "change_message": "[{\"changed\": {\"fields\": [\"Superuser status\"]}}]"}}, {"model": "admin.logentry", "pk": 9, "fields": {"action_time": "2023-07-12T12:04:23.125Z", "user": 1, "content_type": 8, "object_id": "3", "object_repr": "None's Profile", "action_flag": 2, "change_message": "[{\"changed\": {\"fields\": [\"Birth date\", \"Address\", \"Passport id\", \"Phone number\"]}}]"}}, {"model": "admin.logentry", "pk": 10, "fields": {"action_time": "2023-07-12T12:04:48.596Z", "user": 1, "content_type": 8, "object_id": "4", "object_repr": "None's Profile", "action_flag": 2, "change_message": "[{\"changed\": {\"fields\": [\"Birth date\", \"Address\", \"Passport id\", \"Phone number\"]}}]"}}, {"model": "admin.logentry", "pk": 11, "fields": {"action_time": "2023-07-12T12:05:11.461Z", "user": 1, "content_type": 8, "object_id": "5", "object_repr": "None's Profile", "action_flag": 2, "change_message": "[{\"changed\": {\"fields\": [\"Birth date\", \"Address\", \"Passport id\", \"Phone number\"]}}]"}}, {"model": "admin.logentry", "pk": 12, "fields": {"action_time": "2023-07-12T12:05:28.784Z", "user": 1, "content_type": 8, "object_id": "6", "object_repr": "None's Profile", "action_flag": 2, "change_message": "[{\"changed\": {\"fields\": [\"Birth date\", \"Address\", \"Passport id\", \"Phone number\"]}}]"}}, {"model": "admin.logentry", "pk": 13, "fields": {"action_time": "2023-07-12T12:06:02.336Z", "user": 1, "content_type": 8, "object_id": "7", "object_repr": "None's Profile", "action_flag": 2, "change_message": "[{\"changed\": {\"fields\": [\"Birth date\", \"Address\", \"Passport id\", \"Phone number\"]}}]"}}, {"model": "admin.logentry", "pk": 14, "fields": {"action_time": "2023-07-12T12:06:25.174Z", "user": 1, "content_type": 8, "object_id": "8", "object_repr": "None's Profile", "action_flag": 2, "change_message": "[{\"changed\": {\"fields\": [\"Birth date\", \"Address\", \"Passport id\", \"Phone number\"]}}]"}}, {"model": "admin.logentry", "pk": 15, "fields": {"action_time": "2023-07-12T12:06:45.811Z", "user": 1, "content_type": 8, "object_id": "9", "object_repr": "None's Profile", "action_flag": 2, "change_message": "[{\"changed\": {\"fields\": [\"Birth date\", \"Address\", \"Passport id\", \"Phone number\"]}}]"}}, {"model": "admin.logentry", "pk": 16, "fields": {"action_time": "2023-07-12T12:07:12.165Z", "user": 1, "content_type": 8, "object_id": "10", "object_repr": "None's Profile", "action_flag": 2, "change_message": "[{\"changed\": {\"fields\": [\"Birth date\", \"Address\", \"Passport id\", \"Phone number\"]}}]"}}, {"model": "admin.logentry", "pk": 17, "fields": {"action_time": "2023-07-12T12:07:46.483Z", "user": 1, "content_type": 9, "object_id": "1", "object_repr": "manager first (Manager)", "action_flag": 1, "change_message": "[{\"added\": {}}]"}}, {"model": "admin.logentry", "pk": 18, "fields": {"action_time": "2023-07-12T12:09:03.323Z", "user": 1, "content_type": 9, "object_id": "1", "object_repr": "manager first (Manager)", "action_flag": 3, "change_message": ""}}, {"model": "admin.logentry", "pk": 19, "fields": {"action_time": "2023-07-12T12:10:30.851Z", "user": 1, "content_type": 9, "object_id": "2", "object_repr": "admin first (Manager)", "action_flag": 3, "change_message": ""}}, {"model": "admin.logentry", "pk": 20, "fields": {"action_time": "2023-07-12T12:10:35.949Z", "user": 1, "content_type": 9, "object_id": "3", "object_repr": "manager first (Manager)", "action_flag": 2, "change_message": "[{\"changed\": {\"fields\": [\"Promoted by\"]}}]"}}, {"model": "admin.logentry", "pk": 21, "fields": {"action_time": "2023-07-12T12:10:45.015Z", "user": 1, "content_type": 9, "object_id": "4", "object_repr": "manager second (Manager)", "action_flag": 1, "change_message": "[{\"added\": {}}]"}}, {"model": "admin.logentry", "pk": 22, "fields": {"action_time": "2023-07-12T12:11:34.066Z", "user": 1, "content_type": 10, "object_id": "1", "object_repr": "teacher first (Teacher)", "action_flag": 1, "change_message": "[{\"added\": {}}]"}}, {"model": "admin.logentry", "pk": 23, "fields": {"action_time": "2023-07-12T12:12:10.818Z", "user": 1, "content_type": 10, "object_id": "2", "object_repr": "teacher second (Teacher)", "action_flag": 1, "change_message": "[{\"added\": {}}]"}}, {"model": "admin.logentry", "pk": 24, "fields": {"action_time": "2023-07-12T12:12:25.761Z", "user": 1, "content_type": 10, "object_id": "1", "object_repr": "teacher first (Teacher)", "action_flag": 2, "change_message": "[{\"changed\": {\"fields\": [\"Description\"]}}]"}}, {"model": "admin.logentry", "pk": 25, "fields": {"action_time": "2023-07-12T12:14:07.135Z", "user": 1, "content_type": 11, "object_id": "1", "object_repr": "First course for first teacher", "action_flag": 1, "change_message": "[{\"added\": {}}]"}}, {"model": "admin.logentry", "pk": 26, "fields": {"action_time": "2023-07-12T12:16:27.222Z", "user": 1, "content_type": 11, "object_id": "2", "object_repr": "Second Course for first teacher", "action_flag": 1, "change_message": "[{\"added\": {}}]"}}, {"model": "admin.logentry", "pk": 27, "fields": {"action_time": "2023-07-12T12:16:39.993Z", "user": 1, "content_type": 11, "object_id": "2", "object_repr": "Second Course for first teacher", "action_flag": 2, "change_message": "[{\"changed\": {\"fields\": [\"Schedule\"]}}]"}}, {"model": "admin.logentry", "pk": 28, "fields": {"action_time": "2023-07-12T12:17:38.447Z", "user": 1, "content_type": 11, "object_id": "3", "object_repr": "Completed Course for first teacher", "action_flag": 1, "change_message": "[{\"added\": {}}]"}}, {"model": "admin.logentry", "pk": 29, "fields": {"action_time": "2023-07-12T12:18:36.289Z", "user": 1, "content_type": 11, "object_id": "4", "object_repr": "First Course For second teacher", "action_flag": 1, "change_message": "[{\"added\": {}}]"}}, {"model": "admin.logentry", "pk": 30, "fields": {"action_time": "2023-07-12T12:19:27.759Z", "user": 1, "content_type": 11, "object_id": "5", "object_repr": "Second Course for Second teacher", "action_flag": 1, "change_message": "[{\"added\": {}}]"}}, {"model": "admin.logentry", "pk": 31, "fields": {"action_time": "2023-07-12T12:20:17.620Z", "user": 1, "content_type": 11, "object_id": "6", "object_repr": "Completed Course for second teacher", "action_flag": 1, "change_message": "[{\"added\": {}}]"}}, {"model": "admin.logentry", "pk": 32, "fields": {"action_time": "2023-07-12T12:25:36.775Z", "user": 1, "content_type": 12, "object_id": "1", "object_repr": "Enrollment object (1)", "action_flag": 1, "change_message": "[{\"added\": {}}]"}}, {"model": "admin.logentry", "pk": 33, "fields": {"action_time": "2023-07-12T12:25:48.580Z", "user": 1, "content_type": 12, "object_id": "2", "object_repr": "Enrollment object (2)", "action_flag": 1, "change_message": "[{\"added\": {}}]"}}, {"model": "admin.logentry", "pk": 34, "fields": {"action_time": "2023-07-12T12:25:59.227Z", "user": 1, "content_type": 12, "object_id": "3", "object_repr": "Enrollment object (3)", "action_flag": 1, "change_message": "[{\"added\": {}}]"}}, {"model": "admin.logentry", "pk": 35, "fields": {"action_time": "2023-07-12T12:26:08.326Z", "user": 1, "content_type": 12, "object_id": "4", "object_repr": "Enrollment object (4)", "action_flag": 1, "change_message": "[{\"added\": {}}]"}}, {"model": "admin.logentry", "pk": 36, "fields": {"action_time": "2023-07-12T12:26:26.834Z", "user": 1, "content_type": 12, "object_id": "5", "object_repr": "Enrollment object (5)", "action_flag": 1, "change_message": "[{\"added\": {}}]"}}, {"model": "admin.logentry", "pk": 37, "fields": {"action_time": "2023-07-12T12:28:08.532Z", "user": 1, "content_type": 13, "object_id": "3", "object_repr": "Activity student fourth", "action_flag": 2, "change_message": "[{\"changed\": {\"fields\": [\"Attendance\"]}}]"}}, {"model": "admin.logentry", "pk": 38, "fields": {"action_time": "2023-07-12T12:28:15.602Z", "user": 1, "content_type": 13, "object_id": "2", "object_repr": "Activity student first", "action_flag": 2, "change_message": "[{\"changed\": {\"fields\": [\"Attendance\"]}}]"}}, {"model": "admin.logentry", "pk": 39, "fields": {"action_time": "2023-07-12T12:28:27.565Z", "user": 1, "content_type": 13, "object_id": "1", "object_repr": "Activity student second", "action_flag": 2, "change_message": "[{\"changed\": {\"fields\": [\"Attendance\"]}}]"}}, {"model": "admin.logentry", "pk": 40, "fields": {"action_time": "2023-07-12T12:28:42.691Z", "user": 1, "content_type": 12, "object_id": "6", "object_repr": "Enrollment student second", "action_flag": 1, "change_message": "[{\"added\": {}}]"}}, {"model": "admin.logentry", "pk": 41, "fields": {"action_time": "2023-07-12T12:28:55.438Z", "user": 1, "content_type": 13, "object_id": "4", "object_repr": "Activity student second", "action_flag": 2, "change_message": "[{\"changed\": {\"fields\": [\"Attendance\", \"Final mark\"]}}]"}}, {"model": "auth.permission", "pk": 1, "fields": {"name": "Can add log entry", "content_type": 1, "codename": "add_logentry"}}, {"model": "auth.permission", "pk": 2, "fields": {"name": "Can change log entry", "content_type": 1, "codename": "change_logentry"}}, {"model": "auth.permission", "pk": 3, "fields": {"name": "Can delete log entry", "content_type": 1, "codename": "delete_logentry"}}, {"model": "auth.permission", "pk": 4, "fields": {"name": "Can view log entry", "content_type": 1, "codename": "view_logentry"}}, {"model": "auth.permission", "pk": 5, "fields": {"name": "Can add permission", "content_type": 2, "codename": "add_permission"}}, {"model": "auth.permission", "pk": 6, "fields": {"name": "Can change permission", "content_type": 2, "codename": "change_permission"}}, {"model": "auth.permission", "pk": 7, "fields": {"name": "Can delete permission", "content_type": 2, "codename": "delete_permission"}}, {"model": "auth.permission", "pk": 8, "fields": {"name": "Can view permission", "content_type": 2, "codename": "view_permission"}}, {"model": "auth.permission", "pk": 9, "fields": {"name": "Can add group", "content_type": 3, "codename": "add_group"}}, {"model": "auth.permission", "pk": 10, "fields": {"name": "Can change group", "content_type": 3, "codename": "change_group"}}, {"model": "auth.permission", "pk": 11, "fields": {"name": "Can delete group", "content_type": 3, "codename": "delete_group"}}, {"model": "auth.permission", "pk": 12, "fields": {"name": "Can view group", "content_type": 3, "codename": "view_group"}}, {"model": "auth.permission", "pk": 13, "fields": {"name": "Can add content type", "content_type": 4, "codename": "add_contenttype"}}, {"model": "auth.permission", "pk": 14, "fields": {"name": "Can change content type", "content_type": 4, "codename": "change_contenttype"}}, {"model": "auth.permission", "pk": 15, "fields": {"name": "Can delete content type", "content_type": 4, "codename": "delete_contenttype"}}, {"model": "auth.permission", "pk": 16, "fields": {"name": "Can view content type", "content_type": 4, "codename": "view_contenttype"}}, {"model": "auth.permission", "pk": 17, "fields": {"name": "Can add session", "content_type": 5, "codename": "add_session"}}, {"model": "auth.permission", "pk": 18, "fields": {"name": "Can change session", "content_type": 5, "codename": "change_session"}}, {"model": "auth.permission", "pk": 19, "fields": {"name": "Can delete session", "content_type": 5, "codename": "delete_session"}}, {"model": "auth.permission", "pk": 20, "fields": {"name": "Can view session", "content_type": 5, "codename": "view_session"}}, {"model": "auth.permission", "pk": 21, "fields": {"name": "Can add account", "content_type": 6, "codename": "add_account"}}, {"model": "auth.permission", "pk": 22, "fields": {"name": "Can change account", "content_type": 6, "codename": "change_account"}}, {"model": "auth.permission", "pk": 23, "fields": {"name": "Can delete account", "content_type": 6, "codename": "delete_account"}}, {"model": "auth.permission", "pk": 24, "fields": {"name": "Can view account", "content_type": 6, "codename": "view_account"}}, {"model": "auth.permission", "pk": 25, "fields": {"name": "Can add verification code", "content_type": 7, "codename": "add_verificationcode"}}, {"model": "auth.permission", "pk": 26, "fields": {"name": "Can change verification code", "content_type": 7, "codename": "change_verificationcode"}}, {"model": "auth.permission", "pk": 27, "fields": {"name": "Can delete verification code", "content_type": 7, "codename": "delete_verificationcode"}}, {"model": "auth.permission", "pk": 28, "fields": {"name": "Can view verification code", "content_type": 7, "codename": "view_verificationcode"}}, {"model": "auth.permission", "pk": 29, "fields": {"name": "Can add Profile", "content_type": 8, "codename": "add_profile"}}, {"model": "auth.permission", "pk": 30, "fields": {"name": "Can change Profile", "content_type": 8, "codename": "change_profile"}}, {"model": "auth.permission", "pk": 31, "fields": {"name": "Can delete Profile", "content_type": 8, "codename": "delete_profile"}}, {"model": "auth.permission", "pk": 32, "fields": {"name": "Can view Profile", "content_type": 8, "codename": "view_profile"}}, {"model": "auth.permission", "pk": 33, "fields": {"name": "Can add Manager", "content_type": 9, "codename": "add_manager"}}, {"model": "auth.permission", "pk": 34, "fields": {"name": "Can change Manager", "content_type": 9, "codename": "change_manager"}}, {"model": "auth.permission", "pk": 35, "fields": {"name": "Can delete Manager", "content_type": 9, "codename": "delete_manager"}}, {"model": "auth.permission", "pk": 36, "fields": {"name": "Can view Manager", "content_type": 9, "codename": "view_manager"}}, {"model": "auth.permission", "pk": 37, "fields": {"name": "Can add Teacher", "content_type": 10, "codename": "add_teacher"}}, {"model": "auth.permission", "pk": 38, "fields": {"name": "Can change Teacher", "content_type": 10, "codename": "change_teacher"}}, {"model": "auth.permission", "pk": 39, "fields": {"name": "Can delete Teacher", "content_type": 10, "codename": "delete_teacher"}}, {"model": "auth.permission", "pk": 40, "fields": {"name": "Can view Teacher", "content_type": 10, "codename": "view_teacher"}}, {"model": "auth.permission", "pk": 41, "fields": {"name": "Can add course", "content_type": 11, "codename": "add_course"}}, {"model": "auth.permission", "pk": 42, "fields": {"name": "Can change course", "content_type": 11, "codename": "change_course"}}, {"model": "auth.permission", "pk": 43, "fields": {"name": "Can delete course", "content_type": 11, "codename": "delete_course"}}, {"model": "auth.permission", "pk": 44, "fields": {"name": "Can view course", "content_type": 11, "codename": "view_course"}}, {"model": "auth.permission", "pk": 45, "fields": {"name": "Can add enrollment", "content_type": 12, "codename": "add_enrollment"}}, {"model": "auth.permission", "pk": 46, "fields": {"name": "Can change enrollment", "content_type": 12, "codename": "change_enrollment"}}, {"model": "auth.permission", "pk": 47, "fields": {"name": "Can delete enrollment", "content_type": 12, "codename": "delete_enrollment"}}, {"model": "auth.permission", "pk": 48, "fields": {"name": "Can view enrollment", "content_type": 12, "codename": "view_enrollment"}}, {"model": "auth.permission", "pk": 49, "fields": {"name": "Can add activity", "content_type": 13, "codename": "add_activity"}}, {"model": "auth.permission", "pk": 50, "fields": {"name": "Can change activity", "content_type": 13, "codename": "change_activity"}}, {"model": "auth.permission", "pk": 51, "fields": {"name": "Can delete activity", "content_type": 13, "codename": "delete_activity"}}, {"model": "auth.permission", "pk": 52, "fields": {"name": "Can view activity", "content_type": 13, "codename": "view_activity"}}, {"model": "contenttypes.contenttype", "pk": 1, "fields": {"app_label": "admin", "model": "logentry"}}, {"model": "contenttypes.contenttype", "pk": 2, "fields": {"app_label": "auth", "model": "permission"}}, {"model": "contenttypes.contenttype", "pk": 3, "fields": {"app_label": "auth", "model": "group"}}, {"model": "contenttypes.contenttype", "pk": 4, "fields": {"app_label": "contenttypes", "model": "contenttype"}}, {"model": "contenttypes.contenttype", "pk": 5, "fields": {"app_label": "sessions", "model": "session"}}, {"model": "contenttypes.contenttype", "pk": 6, "fields": {"app_label": "accounts", "model": "account"}}, {"model": "contenttypes.contenttype", "pk": 7, "fields": {"app_label": "accounts", "model": "verificationcode"}}, {"model": "contenttypes.contenttype", "pk": 8, "fields": {"app_label": "profiles", "model": "profile"}}, {"model": "contenttypes.contenttype", "pk": 9, "fields": {"app_label": "managers", "model": "manager"}}, {"model": "contenttypes.contenttype", "pk": 10, "fields": {"app_label": "teachers", "model": "teacher"}}, {"model": "contenttypes.contenttype", "pk": 11, "fields": {"app_label": "courses", "model": "course"}}, {"model": "contenttypes.contenttype", "pk": 12, "fields": {"app_label": "enrollments", "model": "enrollment"}}, {"model": "contenttypes.contenttype", "pk": 13, "fields": {"app_label": "activities", "model": "activity"}}, {"model": "sessions.session", "pk": "x470z9vxh6o91u36qzyt5q0a3yml1hw1", "fields": {"session_data": ".eJxVjMEOwiAQRP-FsyFLSwt49N5vILuwSNVAUtqT8d9tkx70Npn3Zt7C47ZmvzVe_BzFVShx-e0Iw5PLAeIDy73KUMu6zCQPRZ60yalGft1O9-8gY8v7emSXFCke3B4cKIOBAamLFgFNJG00UK_RhuhgTMbYQVubAHu2pLkTny_5GTg8:1qJYYV:J4cJV8yjwMkEEcaMGoKb9ZBQWsWYP-xyRBrEC2EtN4M", "expire_date": "2023-07-26T12:02:51.880Z"}}, {"model": "accounts.account", "pk": 1, "fields": {"password": "pbkdf2_sha256$600000$fpLqIYoCA7at5t20mkQ9Hw$SZPq1FXm2nMQvtOY86E2ysSXjIvC60OI/Vb8VNAglU0=", "last_login": "2023-07-12T12:02:51.859Z", "is_superuser": true, "token": "1c6a0183-4f52-452c-bdc8-d35e4ea7bf34", "email": "admin@first.com", "first_name": "admin", "last_name": "first", "is_active": true, "date_joined": "2023-07-12T11:59:11.353Z", "groups": [], "user_permissions": []}}, {"model": "accounts.account", "pk": 2, "fields": {"password": "pbkdf2_sha256$600000$DFwSpO5JIyLRVswzEBeGkh$OHIW6nvrgyFyZt//Lb5n+FzZLoAo1tFxKS2pkVWRW6k=", "last_login": null, "is_superuser": true, "token": "0962890a-1e30-4427-a188-70f4a3488814", "email": "admin@second.com", "first_name": "admin", "last_name": "second", "is_active": true, "date_joined": "2023-07-12T11:59:25.298Z", "groups": [], "user_permissions": []}}, {"model": "accounts.account", "pk": 3, "fields": {"password": "pbkdf2_sha256$600000$nPhsBCc24qtaMNsVmJieXT$YupLdpTL0fkmX7jPPOCrFsQ16a5t6tQMLSxU5QS7KsE=", "last_login": null, "is_superuser": false, "token": "179ef901-d826-4b17-865c-c3c8225ecb2a", "email": "manager@first.com", "first_name": "manager", "last_name": "first", "is_active": true, "date_joined": "2023-07-12T12:00:12.530Z", "groups": [], "user_permissions": [21, 22, 23, 24, 25, 26, 27, 28, 49, 50, 51, 52, 1, 2, 3, 4, 9, 10, 11, 12, 5, 6, 7, 8, 13, 14, 15, 16, 41, 42, 43, 44, 45, 46, 47, 48, 33, 34, 35, 36, 29, 30, 31, 32, 17, 18, 19, 20, 37, 38, 39, 40]}}, {"model": "accounts.account", "pk": 4, "fields": {"password": "pbkdf2_sha256$600000$5Ixbk2rQJgWJkTQYdA1Lu0$xT7UMl5UFCdCklJ2sLsDE/TpZB+cOW5mTw7afNqQDjw=", "last_login": null, "is_superuser": false, "token": "95f416e1-4b86-4f56-849c-09fa3daacc62", "email": "manager@second.com", "first_name": "manager", "last_name": "second", "is_active": true, "date_joined": "2023-07-12T12:00:37.285Z", "groups": [], "user_permissions": []}}, {"model": "accounts.account", "pk": 5, "fields": {"password": "pbkdf2_sha256$600000$KPnPFLmz8vJUNXOqDveySq$uJLWo5MWTZIS1Tx6JEWsyQCT7EzU7dRyiT9BTHJvqPQ=", "last_login": null, "is_superuser": false, "token": "c9afb07f-60ab-4a85-a96f-40252ad6919b", "email": "teacher@first.com", "first_name": "teacher", "last_name": "first", "is_active": true, "date_joined": "2023-07-12T12:00:57.024Z", "groups": [], "user_permissions": []}}, {"model": "accounts.account", "pk": 6, "fields": {"password": "pbkdf2_sha256$600000$XTO3Mf7E8j4zR50kOrPPW2$bG9jOIAfQuqwiB6Ky33X8MFGiJbjUAxvZY2hzHQdtJk=", "last_login": null, "is_superuser": false, "token": "b67d9aaa-9f5a-44ba-98e6-4392a02bd0b1", "email": "teacher@second.com", "first_name": "teacher", "last_name": "second", "is_active": true, "date_joined": "2023-07-12T12:01:08.496Z", "groups": [], "user_permissions": []}}, {"model": "accounts.account", "pk": 7, "fields": {"password": "pbkdf2_sha256$600000$GO6eITEq4X5zD3TJRdTX1G$XeLcyPg2rkAXSozFfUbgTP0Tyoxqodtm1bnS9sfEPG4=", "last_login": null, "is_superuser": false, "token": "5747d218-78b1-498a-b61e-9fe9561ae080", "email": "student@second.com", "first_name": "student", "last_name": "second", "is_active": true, "date_joined": "2023-07-12T12:01:55.997Z", "groups": [], "user_permissions": []}}, {"model": "accounts.account", "pk": 8, "fields": {"password": "pbkdf2_sha256$600000$ubi9LW14qbMRFyVQevOFK3$NljKWWP2OKhuE1N+FElEJFxIq4cBPQPx0LKjw+jln6o=", "last_login": null, "is_superuser": false, "token": "ac8acb9b-e9b0-4af3-9891-c282ea1ca18f", "email": "student@first.com", "first_name": "student", "last_name": "first", "is_active": true, "date_joined": "2023-07-12T12:02:05.268Z", "groups": [], "user_permissions": []}}, {"model": "accounts.account", "pk": 9, "fields": {"password": "pbkdf2_sha256$600000$ahpFKlF0hTWzcRXKfKkpQo$ylLeCi3/7cdGQv4d1n/XNI1cEKwP+3jQXzXXr5JQqZY=", "last_login": null, "is_superuser": false, "token": "33045a40-ba7e-464a-b56a-b8a12a393790", "email": "student@third.com", "first_name": "student", "last_name": "third", "is_active": true, "date_joined": "2023-07-12T12:02:16.805Z", "groups": [], "user_permissions": []}}, {"model": "accounts.account", "pk": 10, "fields": {"password": "pbkdf2_sha256$600000$yhh8fgkw3Lq9VO9pU4qdAC$gLv4OdUcgYCmMY3F7Bn6CQGj/kVnTWb/bAgUBs9JmQA=", "last_login": null, "is_superuser": false, "token": "4c0f147b-c46f-4f7e-86fb-ea965c7f9ef7", "email": "student@fourth.com", "first_name": "student", "last_name": "fourth", "is_active": true, "date_joined": "2023-07-12T12:02:31.031Z", "groups": [], "user_permissions": []}}, {"model": "profiles.profile", "pk": 1, "fields": {"token": "287d6265-9628-49d9-9e30-b72550dea7a9", "user": 1, "avatar": "assets/pictures/profiles/default-avatar.jpg", "birth_date": null, "address": null, "passport_id": null, "phone_number": null}}, {"model": "profiles.profile", "pk": 2, "fields": {"token": "4f069b60-7c75-4465-b95a-adba7bc65bc7", "user": 2, "avatar": "assets/pictures/profiles/default-avatar.jpg", "birth_date": null, "address": null, "passport_id": null, "phone_number": null}}, {"model": "profiles.profile", "pk": 3, "fields": {"token": "30e7cab1-da8b-488b-8889-46ca873c4cff", "user": 3, "avatar": "assets/pictures/profiles/default-avatar.jpg", "birth_date": "1996-07-12", "address": "Cool place at NY", "passport_id": "1234", "phone_number": "+989919995555"}}, {"model": "profiles.profile", "pk": 4, "fields": {"token": "d99ec55d-ec31-403c-ba5e-205ecd57edf1", "user": 4, "avatar": "assets/pictures/profiles/default-avatar.jpg", "birth_date": "1998-07-12", "address": "Somewhere cool at NY", "passport_id": "54235", "phone_number": "+988718718989"}}, {"model": "profiles.profile", "pk": 5, "fields": {"token": "ed222d43-9b63-475b-9783-d305a0649c62", "user": 5, "avatar": "assets/pictures/profiles/default-avatar.jpg", "birth_date": "2000-07-12", "address": "NY", "passport_id": "56346", "phone_number": "+981234121234"}}, {"model": "profiles.profile", "pk": 6, "fields": {"token": "49e5a2e3-1d97-41f3-888f-046efc0d6601", "user": 6, "avatar": "assets/pictures/profiles/default-avatar.jpg", "birth_date": "1999-07-12", "address": "NY", "passport_id": "56234", "phone_number": "+981234566543"}}, {"model": "profiles.profile", "pk": 7, "fields": {"token": "549f471c-d6da-46f2-8e1d-af67a6264778", "user": 7, "avatar": "assets/pictures/profiles/default-avatar.jpg", "birth_date": "2012-07-12", "address": "NY, st fake", "passport_id": "563464", "phone_number": "+981234125432"}}, {"model": "profiles.profile", "pk": 8, "fields": {"token": "21100beb-78d8-4fc7-a970-fb1a2df09310", "user": 8, "avatar": "assets/pictures/profiles/default-avatar.jpg", "birth_date": "1990-07-12", "address": "NY, st fake", "passport_id": "53246", "phone_number": "+989089089098"}}, {"model": "profiles.profile", "pk": 9, "fields": {"token": "21be1e10-717b-495a-905e-b25ab3b3c177", "user": 9, "avatar": "assets/pictures/profiles/default-avatar.jpg", "birth_date": "2017-07-12", "address": "NY, st fake", "passport_id": "1234525", "phone_number": "+989089076574"}}, {"model": "profiles.profile", "pk": 10, "fields": {"token": "deb47278-6c53-43f9-9fc1-ef90ea0611bf", "user": 10, "avatar": "assets/pictures/profiles/default-avatar.jpg", "birth_date": "2012-07-12", "address": "NY, st fake", "passport_id": "124243", "phone_number": "+981234123412"}}, {"model": "managers.manager", "pk": 3, "fields": {"token": "ff6437cf-4967-4367-9036-f389dd5c99db", "user": 3, "promoted_by": 1, "promotion_date": "2023-07-12T12:10:26.613Z"}}, {"model": "managers.manager", "pk": 4, "fields": {"token": "ec84188e-979f-4f86-b3a8-3a48d61f8138", "user": 4, "promoted_by": 3, "promotion_date": "2023-07-12T12:10:45.014Z"}}, {"model": "teachers.teacher", "pk": 1, "fields": {"token": "7254f6bc-0cee-4e18-a524-abf771378ec5", "user": 5, "promoted_by": 2, "description": "Hello! i am first teacher and i have 3 years of experience! An admin has promoted me :D", "promotion_date": "2023-07-12T12:11:34.063Z", "contact_links": {"instagram": "fakeaddr"}}}, {"model": "teachers.teacher", "pk": 2, "fields": {"token": "86c89023-dc71-4934-beef-3933ff7c08b8", "user": 6, "promoted_by": 3, "description": "Hello! I am a teacher which a manager promoted me!", "promotion_date": "2023-07-12T12:12:10.816Z", "contact_links": {"github": "fake github stuff"}}}, {"model": "courses.course", "pk": 1, "fields": {"token": "615d0078-60ee-4c60-b5e6-7a1a8863c0a1", "title": "First course for first teacher", "description": "This is the first course for the first teacher! an admin has assigned this course.", "location": "class 1", "instructor": 1, "assigned_by": 1, "start_date": "2023-07-12", "end_date": "2030-07-12", "schedule": {"hours": "from 5 till 6"}, "days": "[\"1\", \"3\", \"5\"]", "session_count": 4, "prerequisite": null, "level": "A1", "status": "IP", "price": 10000}}, {"model": "courses.course", "pk": 2, "fields": {"token": "d386f623-3dae-4f58-a359-ae5019e65118", "title": "Second Course for first teacher", "description": "This is the second course for the first teacher which is assigned by a manager", "location": "class 2", "instructor": 1, "assigned_by": 3, "start_date": "2023-07-12", "end_date": "2030-07-12", "schedule": {"hours": "from 7 till 8"}, "days": "[\"0\", \"2\", \"4\"]", "session_count": 6, "prerequisite": 1, "level": "B2", "status": "IP", "price": 10000}}, {"model": "courses.course", "pk": 3, "fields": {"token": "20787334-a722-429a-9fda-a5b935e64b73", "title": "Completed Course for first teacher", "description": "This is a completed course for the first teacher", "location": "Class 3", "instructor": 1, "assigned_by": 2, "start_date": "2012-07-12", "end_date": "2012-06-12", "schedule": {"hours": "from 5 till 6"}, "days": "[\"0\", \"2\", \"4\"]", "session_count": 8, "prerequisite": null, "level": "A2", "status": "CO", "price": 10000}}, {"model": "courses.course", "pk": 4, "fields": {"token": "df163baa-e8de-4354-a9dd-cb1ddf023784", "title": "First Course For second teacher", "description": "First course for the second teacher assigned by admin", "location": "Class 4", "instructor": 2, "assigned_by": 2, "start_date": "2023-07-12", "end_date": "2024-07-12", "schedule": {"hours": "from 6 till 7"}, "days": "[\"1\", \"2\", \"6\"]", "session_count": 8, "prerequisite": null, "level": "A1", "status": "IP", "price": 10000}}, {"model": "courses.course", "pk": 5, "fields": {"token": "479f2a57-b0b8-4195-8372-f58a0eb77307", "title": "Second Course for Second teacher", "description": "This is the second course for the second teacher assigned by a manager", "location": "CLass 5", "instructor": 2, "assigned_by": 3, "start_date": "2023-07-12", "end_date": "2030-07-12", "schedule": {"hours": "from 2 till 4"}, "days": "[\"1\", \"2\", \"3\", \"4\", \"5\"]", "session_count": 6, "prerequisite": 4, "level": "B2", "status": "IP", "price": 10000}}, {"model": "courses.course", "pk": 6, "fields": {"token": "b8024972-386f-40c4-aec1-3352d9613420", "title": "Completed Course for second teacher", "description": "This is a complete course for the second teacher", "location": "class 27", "instructor": 2, "assigned_by": 2, "start_date": "2012-07-12", "end_date": "2012-08-12", "schedule": null, "days": "[\"0\", \"2\", \"3\"]", "session_count": 3, "prerequisite": 2, "level": "B2", "status": "CO", "price": 10000}}, {"model": "enrollments.enrollment", "pk": 1, "fields": {"token": "a2920421-378f-4b65-8308-364dad8bebac", "course": 1, "user": 7, "status": "s", "created_at": "2023-07-12T12:25:36.760Z", "price": 10000}}, {"model": "enrollments.enrollment", "pk": 2, "fields": {"token": "2fefe564-f6b2-42af-a31c-c8f9a1b6f0ed", "course": 1, "user": 8, "status": "f", "created_at": "2023-07-12T12:25:48.578Z", "price": 10000}}, {"model": "enrollments.enrollment", "pk": 3, "fields": {"token": "8c8a4271-2c73-4a38-935d-98b9bcc933d9", "course": 1, "user": 8, "status": "s", "created_at": "2023-07-12T12:25:59.224Z", "price": 10000}}, {"model": "enrollments.enrollment", "pk": 4, "fields": {"token": "5ad88308-e348-486f-8cd1-0fae496cda48", "course": 4, "user": 9, "status": "p", "created_at": "2023-07-12T12:26:08.325Z", "price": 10000}}, {"model": "enrollments.enrollment", "pk": 5, "fields": {"token": "1a0bc2bb-5978-4635-aa62-5f9c3341491b", "course": 2, "user": 10, "status": "s", "created_at": "2023-07-12T12:26:26.830Z", "price": 10000}}, {"model": "enrollments.enrollment", "pk": 6, "fields": {"token": "72c33b0e-a973-4380-bb00-8440cf3ef50e", "course": 3, "user": 7, "status": "s", "created_at": "2023-07-12T12:28:42.665Z", "price": 10000}}, {"model": "activities.activity", "pk": 1, "fields": {"token": "2e015504-440a-4aa9-9afc-37251aff37e3", "course": 1, "user": 7, "enrollment": 1, "attendance": {"first": "no", "third": "no", "second": "no"}, "final_mark": null, "created_at": "2023-07-12T12:25:36.769Z"}}, {"model": "activities.activity", "pk": 2, "fields": {"token": "61035dad-a7f7-47ce-897d-9e58524ae798", "course": 1, "user": 8, "enrollment": 3, "attendance": {"first": "yes", "third": "yes", "second": "yes"}, "final_mark": null, "created_at": "2023-07-12T12:25:59.226Z"}}, {"model": "activities.activity", "pk": 3, "fields": {"token": "87ce9077-f3c7-4e14-b775-64c7e98dd9f1", "course": 2, "user": 10, "enrollment": 5, "attendance": {"first": "yes", "third": "yes", "second": "no"}, "final_mark": null, "created_at": "2023-07-12T12:26:26.832Z"}}, {"model": "activities.activity", "pk": 4, "fields": {"token": "c88a3a4d-5a83-4e3d-999f-08fdf772eebc", "course": 3, "user": 7, "enrollment": 6, "attendance": {"first": "yes", "third": "yes", "second": "no"}, "final_mark": 80, "created_at": "2023-07-12T12:28:42.687Z"}}]